Word,Category,,,
Access,Urgency,,,
Access now,Urgency,,,
Act,Urgency,,,
Act immediately,Urgency,,,
Act now,Urgency,,,
Act now!,Urgency,,,
Action,Urgency,,,
Action required,Urgency,,,
Apply here,Urgency,,,
Apply now,Urgency,,,
Apply now!,Urgency,,,
Apply online,Urgency,,,
Asap,Urgency,,,
Become a member,Urgency,,,
Before it's too late,Urgency,,,
Being a member,Urgency,,,
Buy,Urgency,,,
Buy direct,Urgency,,,
Buy now,Urgency,,,
Buy today,Urgency,,,
Call,Urgency,,,
Call free,Urgency,,,
Call free/now,Urgency,,,
Call me,Urgency,,,
Call now,Urgency,,,
Call now!,Urgency,,,
Can we have a minute of your time?,Urgency,,,
Cancel now,Urgency,,,
Cancellation required,Urgency,,,
Claim now,Urgency,,,
Click,Urgency,,,
Click below,Urgency,,,
Click here,Urgency,,,
Click me to download,Urgency,,,
Click now,Urgency,,,
Click this link,Urgency,,,
Click to get,Urgency,,,
Click to remove,Urgency,,,
Contact us immediately,Urgency,,,
Deal ending soon,Urgency,,,
Do it now,Urgency,,,
Do it today,Urgency,,,
Don't delete,Urgency,,,
Don't hesitate,Urgency,,,
Don't waste time,Urgency,,,
Don’t delete,Urgency,,,
Exclusive deal,Urgency,,,
Expire,Urgency,,,
Expires today,Urgency,,,
Final call,Urgency,,,
For instant access,Urgency,,,
For Only,Urgency,,,
For you,Urgency,,,
Friday before [holiday],Urgency,,,
Get it away,Urgency,,,
Get it now,Urgency,,,
Get now,Urgency,,,
Get paid,Urgency,,,
Get started,Urgency,,,
Get started now,Urgency,,,
Great offer,Urgency,,,
Hurry up,Urgency,,,
Immediately,Urgency,,,
Info you requested,Urgency,,,
Information you requested,Urgency,,,
Instant,Urgency,,,
Limited time,Urgency,,,
New customers only,Urgency,,,
Now,Urgency,,,
Now only,Urgency,,,
Offer expires,Urgency,,,
Once in lifetime,Urgency,,,
Only,Urgency,,,
Order now,Urgency,,,
Order today,Urgency,,,
Please read,Urgency,,,
Purchase now,Urgency,,,
Sign up free,Urgency,,,
Sign up free today,Urgency,,,
Supplies are limited,Urgency,,,
Take action,Urgency,,,
Take action now,Urgency,,,
This won’t last,Urgency,,,
Time limited,Urgency,,,
Today,Urgency,,,
Top urgent,Urgency,,,
Trial,Urgency,,,
Urgent,Urgency,,,
What are you waiting for?,Urgency,,,
While supplies last,Urgency,,,
You are a winner,Urgency,,,
0 down,Shady,,,
All,Shady,,,
All natural,Shady,,,
All natural,Shady,,,
All new,Shady,,,
All-natural,Shady,,,
All-new,Shady,,,
Allowance,Shady,,,
As seen on,Shady,,,
As seen on Oprah,Shady,,,
At no cost,Shady,,,
Auto email removal,Shady,,,
Avoice bankruptcy,Shady,,,
Avoid,Shady,,,
Beneficial offer,Shady,,,
Beneficiary,Shady,,,
Bill 1618,Shady,,,
Brand new pager,Shady,,,
Bulk email,Shady,,,
Buying judgements,Shady,,,
Buying judgments,Shady,,,
Cable converter,Shady,,,
Calling creditors,Shady,,,
Can you help us?,Shady,,,
Cancel at any time,Shady,,,
Cannot be combined,Shady,,,
Celebrity,Shady,,,
Cell phone cancer scam,Shady,,,
Certified,Shady,,,
Chance,Shady,,,
Cheap,Shady,,,
Cheap meds,Shady,,,
Cialis,Shady,,,
Claims,Shady,,,
Claims not to be selling anything,Shady,,,
Claims to be in accordance with some spam law,Shady,,,
Claims to be legal,Shady,,,
Clearance,Shady,,,
Collect,Shady,,,
Collect child support,Shady,,,
Compare,Shady,,,
Compare now,Shady,,,
Compare online,Shady,,,
Compare rates,Shady,,,
Compete for your business,Shady,,,
Confidentiality,Shady,,,
Congratulations,Shady,,,
Consolidate debt and credit,Shady,,,
Consolidate your debt,Shady,,,
Copy accurately,Shady,,,
Copy DVDs,Shady,,,
COVID,Shady,,,
Cures,Shady,,,
Cures baldness,Shady,,,
Diagnostic,Shady,,,
DIAGNOSTICS,Shady,,,
Diet,Shady,,,
Dig up dirt on friends,Shady,,,
Direct email,Shady,,,
Direct marketing,Shady,,,
Eliminate debt,Shady,,,
Explode your business,Shady,,,
Fast viagra delivery,Shady,,,
Finance,Shady,,,
Financial,Shady,,,
Financial advice,Shady,,,
Financial independence,Shady,,,
Financially independent,Shady,,,
For new customers only,Shady,,,
Foreclosure,Shady,,,
Free,Shady,,,
Free gift,Shady,,,
Free bonus,Shady,,,
Free cell phone,Shady,,,
Free DVD,Shady,,,
Free grant money,Shady,,,
Free information,Shady,,,
Free installation,Shady,,,
Free Instant,Shady,,,
Free iPhone,Shady,,,
Free laptop,Shady,,,
Free leads,Shady,,,
Free Macbook,Shady,,,
Free offer,Shady,,,
Free priority mail,Shady,,,
Free sample,Shady,,,
Free website,Shady,,,
Free!,Shady,,,
Get,Shady,,,
Gift card,Shady,,,
Gift certificate,Shady,,,
Gift included,Shady,,,
Give it away,Shady,,,
Giving away,Shady,,,
Giving it away,Shady,,,
Gold,Shady,,,
Great,Shady,,,
Great deal,Shady,,,
Greetings of the day,Shady,,,
Growth hormone,Shady,,,
Guarantee,Shady,,,
Guaranteed deposit,Shady,,,
Guaranteed income,Shady,,,
Guaranteed payment,Shady,,,
Have you been turned down?,Shady,,,
Hello,Shady,,,
Hidden charges,Shady,,,
Hidden costs,Shady,,,
Hidden fees,Shady,,,
High score,Shady,,,
Home based business,Shady,,,
Home mortgage,Shady,,,
Human,Shady,,,
Human growth hormone,Shady,,,
If only it were that easy,Shady,,,
Important information,Shady,,,
Important notification,Shady,,,
Instant weight loss,Shady,,,
Insurance Lose weight,Shady,,,
Internet marketing,Shady,,,
Investment decision,Shady,,,
Invoice,Shady,,,
It’s effective,Shady,,,
Job alert,Shady,,,
Junk,Shady,,,
Lambo,Shady,,,
Laser printer,Shady,,,
Last Day,Shady,,,
Legal,Shady,,,
Legal notice,Shady,,,
Life,Shady,,,
Life insurance,Shady,,,
Lifetime access,Shady,,,
Lifetime deal,Shady,,,
Limited,Shady,,,
Limited amount,Shady,,,
Limited number,Shady,,,
Limited offer,Shady,,,
Limited supply,Shady,,,
Limited time offer,Shady,,,
Limited time only,Shady,,,
Loan,Shady,,,
Long distance phone number,Shady,,,
Long distance phone offer,Shady,,,
Lose weight,Shady,,,
Lose weight fast,Shady,,,
Lose weight spam,Shady,,,
Lottery,Shady,,,
Lower interest rate,Shady,,,
Lower interest rates,Shady,,,
Lower monthly payment,Shady,,,
Lower your mortgage rate,Shady,,,
Lowest insurance rates,Shady,,,
Lowest interest rate,Shady,,,
Lowest rate,Shady,,,
Lowest rates,Shady,,,
Luxury,Shady,,,
Luxury car,Shady,,,
Mail in order form,Shady,,,
Main in order form,Shady,,,
Mark this as not junk,Shady,,,
Mass email,Shady,,,
Medical,Shady,,,
Medicine,Shady,,,
Meet girls,Shady,,,
Meet me,Shady,,,
Meet singles,Shady,,,
Meet women,Shady,,,
Member,Shady,,,
Member stuff,Shady,,,
Message contains disclaimer,Shady,,,
disclaimer,Shady,,,
Message from,Shady,,,
Millionaire,Shady,,,
Millions,Shady,,,
MLM,Shady,,,
Multi-level marketing,Shady,,,
Name,Shady,,,
Near you,Shady,,,
Never before,Shady,,,
New,Shady,,,
New domain extensions,Shady,,,
Nigerian,Shady,,,
No age restrictions,Shady,,,
No catch,Shady,,,
No claim forms,Shady,,,
No cost,Shady,,,
No credit check,Shady,,,
No credit experience,Shady,,,
No deposit required,Shady,,,
No disappointment,Shady,,,
No experience,Shady,,,
No fees,Shady,,,
No gimmick,Shady,,,
No hidden,Shady,,,
No hidden costs,Shady,,,
No hidden fees,Shady,,,
No hidden сosts,Shady,,,
No interest,Shady,,,
No interests,Shady,,,
No inventory,Shady,,,
No investment,Shady,,,
No investment required,Shady,,,
No medical exams,Shady,,,
No middleman,Shady,,,
No obligation,Shady,,,
No payment required,Shady,,,
No purchase necessary,Shady,,,
No questions asked,Shady,,,
No selling,Shady,,,
No strings attached,Shady,,,
No-obligation,Shady,,,
Nominated bank account,Shady,,,
Not intended,Shady,,,
Not junk,Shady,,,
Not scam,Shady,,,
Not spam,Shady,,,
Notspam,Shady,,,
Number 1,Shady,,,
Obligation,Shady,,,
Off,Shady,,,
Off everything,Shady,,,
Off shore,Shady,,,
Offer extended,Shady,,,
Offers,Shady,,,
Offshore,Shady,,,
One hundred percent,Shady,,,
One-time,Shady,,,
Online biz opportunity,Shady,,,
Online degree,Shady,,,
Online income,Shady,,,
Online job,Shady,,,
Open,Shady,,,
Opportunity,Shady,,,
Opt-in,Shady,,,
Order,Shady,,,
Order shipped by,Shady,,,
Order status,Shady,,,
Orders shipped by,Shady,,,
Orders shipped by shopper,Shady,,,
Outstanding value,Shady,,,
Outstanding values,Shady,,,
Password,Shady,,,
Passwords,Shady,,,
Pay your bills,Shady,,,
Per week,Shady,,,
per year,Shady,,,
Per day,Shady,,,
Per month,Shady,,,
Perfect,Shady,,,
Performance,Shady,,,
Phone,Shady,,,
Please,Shady,,,
Please open,Shady,,,
Presently,Shady,,,
Print form signature,Shady,,,
Print from signature,Shady,,,
Print out and fax,Shady,,,
Priority mail,Shady,,,
Privately owned funds,Shady,,,
Prizes,Shady,,,
Problem with shipping,Shady,,,
Problem with your order,Shady,,,
Produced and sent out,Shady,,,
Profit,Shady,,,
Promise you,Shady,,,
Purchase,Shady,,,
Pure Profits,Shady,,,
Quotes,Shady,,,
Rate,Shady,,,
Real thing,Shady,,,
Rebate,Shady,,,
Reduce debt,Shady,,,
Refinance home,Shady,,,
Refinanced home,Shady,,,
Refund,Shady,,,
Regarding,Shady,,,
Removal instructions,Shady,,,
Removes,Shady,,,
Removes wrinkles,Shady,,,
Replica watches,Shady,,,
Request,Shady,,,
Request now,Shady,,,
Request today,Shady,,,
Requires initial investment,Shady,,,
Requires investment,Shady,,,
Reverses aging,Shady,,,
Risk free,Shady,,,
Rolex,Shady,,,
Round the world,Shady,,,
S 1618,Shady,,,
Safeguard notice,Shady,,,
Sale,Shady,,,
Sales,Shady,,,
Save,Shady,,,
Save $,Shady,,,
Save €,Shady,,,
Save big,Shady,,,
Save big month,Shady,,,
Save money,Shady,,,
Save now,Shady,,,
Score with babes,Shady,,,
Search engine optimisation,Shady,,,
Section 301,Shady,,,
See for yourself,Shady,,,
Seen on,Shady,,,
Serious,Shady,,,
Serious case,Shady,,,
Serious offer,Shady,,,
Serious only,Shady,,,
Sex,Shady,,,
Shop now,Shady,,,
Shopper,Shady,,,
Shopping spree,Shady,,,
Snoring,Shady,,,
Social security number,Shady,,,
Soon,Shady,,,
Spam,Shady,,,
Spam free,Shady,,,
Special deal,Shady,,,
Special discount,Shady,,,
Special for you,Shady,,,
Special offer,Shady,,,
Stainless steel,Shady,,,
Stock alert,Shady,,,
Stock disclaimer statement,Shady,,,
Stock pick,Shady,,,
Stocks,Shady,,,
stock alert,Shady,,,
stock pick,Shady,,,
Stop calling me,Shady,,,
Stop emailing me,Shady,,,
Stop further distribution,Shady,,,
Stop snoring,Shady,,,
Strong buy,Shady,,,
Stuff on sale,Shady,,,
Subject to,Shady,,,
Subject to cash,Shady,,,
Subscribe,Shady,,,
Subscribe for free,Shady,,,
Subscribe now,Shady,,,
Super promo,Shady,,,
Supplies,Shady,,,
Tack action now,Shady,,,
Talks about hidden charges,Shady,,,
Talks about prizes,Shady,,,
Tells you it’s an ad,Shady,,,
Terms,Shady,,,
The best rates,Shady,,,
The email asks for a credit card,Shady,,,
The following form,Shady,,,
In accordance with spam law,Shady,,,
They try to keep your money no refund,Shady,,,
They’re just giving it away,Shady,,,
This isn't junk,Shady,,,
This isn't spam,Shady,,,
This isn’t a scam,Shady,,,
This isn’t junk,Shady,,,
This isn’t spam,Shady,,,
Timeshare,Shady,,,
Timeshare offers,Shady,,,
Traffic,Shady,,,
Trial unlimited,Shady,,,
U.S. dollars,Shady,,,
Undisclosed,Shady,,,
Undisclosed recipient,Shady,,,
University diplomas,Shady,,,
Unsecured credit,Shady,,,
Unsecured debt,Shady,,,
Unsolicited,Shady,,,
Unsubscribe,Shady,,,
Urgent response,Shady,,,
US dollars / Euros,Shady,,,
Vacation,Shady,,,
Vacation offers,Shady,,,
Valium,Shady,,,
Viagra,Shady,,,
Vicodin,Shady,,,
VIP,Shady,,,
Visit our website,Shady,,,
Wants credit card,Shady,,,
Warranty expired,Shady,,,
We hate spam,Shady,,,
We honor all,Shady,,,
Website visitors,Shady,,,
Weekend getaway,Shady,,,
Weight loss,Shady,,,
What’s keeping you?,Shady,,,
While available,Shady,,,
While in stock,Shady,,,
While stocks last,Shady,,,
While you sleep,Shady,,,
Who really wins?,Shady,,,
Win,Shady,,,
Winner,Shady,,,
Winning,Shady,,,
Won,Shady,,,
Xanax,Shady,,,
XXX,Shady,,,
You have been chosen,Shady,,,
You have been selected,Shady,,,
Your chance,Shady,,,
Your status,Shady,,,
Zero chance,Shady,,,
Zero percent,Shady,,,
Zero risk,Shady,,,
#1,Overpromise,,,
%,Overpromise,,,
% free,Overpromise,,,
% Satisfied,Overpromise,,,
0%,Overpromise,,,
0% risk,Overpromise,,,
100%,Overpromise,,,
100% free,Overpromise,,,
100% more,Overpromise,,,
100% off,Overpromise,,,
100% satisfied,Overpromise,,,
99.90%,Overpromise,,,
99%,Overpromise,,,
Access for free,Overpromise,,,
Additional income,Overpromise,,,
Amazed,Overpromise,,,
Amazing,Overpromise,,,
Amazing offer,Overpromise,,,
Amazing stuff,Overpromise,,,
Be amazed,Overpromise,,,
Be surprised,Overpromise,,,
Be your own boss,Overpromise,,,
Believe me,Overpromise,,,
Best bargain,Overpromise,,,
Best deal,Overpromise,,,
Best offer,Overpromise,,,
Best price,Overpromise,,,
Best rates,Overpromise,,,
Big bucks,Overpromise,,,
Bonus,Overpromise,,,
Boss,Overpromise,,,
Can’t live without,Overpromise,,,
Cancel,Overpromise,,,
Consolidate debt,Overpromise,,,
Double your cash,Overpromise,,,
Double your income,Overpromise,,,
Drastically reduced,Overpromise,,,
Earn extra cash,Overpromise,,,
Earn money,Overpromise,,,
Eliminate bad credit,Overpromise,,,
Expect to earn,Overpromise,,,
Extra,Overpromise,,,
Extra cash,Overpromise,,,
Extra income,Overpromise,,,
Fantastic,Overpromise,,,
Fantastic deal,Overpromise,,,
Fantastic offer,Overpromise,,,
FAST,Overpromise,,,
Fast cash,Overpromise,,,
Financial freedom,Overpromise,,,
Free access,Overpromise,,,
Free consultation,Overpromise,,,
Free gift,Overpromise,,,
Free hosting,Overpromise,,,
Free info,Overpromise,,,
Free investment,Overpromise,,,
Free membership,Overpromise,,,
Free money,Overpromise,,,
Free preview,Overpromise,,,
Free quote,Overpromise,,,
Free trial,Overpromise,,,
Full refund,Overpromise,,,
Get out of debt,Overpromise,,,
Giveaway,Overpromise,,,
Guaranteed,Overpromise,,,
Increase sales,Overpromise,,,
Increase traffic,Overpromise,,,
Incredible deal,Overpromise,,,
Join billions,Overpromise,,,
Join millions,Overpromise,,,
Join millions of Americans,Overpromise,,,
Join thousands,Overpromise,,,
Lower rates,Overpromise,,,
Lowest price,Overpromise,,,
Make money,Overpromise,,,
Million,Overpromise,,,
Million dollars,Overpromise,,,
Miracle,Overpromise,,,
Money back,Overpromise,,,
Month trial offer,Overpromise,,,
More Internet Traffic,Overpromise,,,
Number one,Overpromise,,,
Once in a lifetime,Overpromise,,,
One hundred percent guaranteed,Overpromise,,,
One time,Overpromise,,,
Pennies a day,Overpromise,,,
Potential earnings,Overpromise,,,
Prize,Overpromise,,,
Promise,Overpromise,,,
Pure profit,Overpromise,,,
Risk-free,Overpromise,,,
Satisfaction guaranteed,Overpromise,,,
Save big money,Overpromise,,,
Save up to,Overpromise,,,
Special promotion,Overpromise,,,
The best,Overpromise,,,
Thousands,Overpromise,,,
Unbeatable offer,Overpromise,,,
Unbelievable,Overpromise,,,
Unlimited,Overpromise,,,
Unlimited trial,Overpromise,,,
Wonderful,Overpromise,,,
You will not believe your eyes,Overpromise,,,
$$$,Money,,,
€€€,Money,,,
£££,Money,,,
50% off,Money,,,
A few bob,Money,,,
Accept cash cards,Money,,,
Accept credit cards,Money,,,
Affordable,Money,,,
Affordable deal,Money,,,
Avoid bankruptcy,Money,,,
Bad credit,Money,,,
Bank,Money,,,
Bankruptcy,Money,,,
Bargain,Money,,,
Billing,Money,,,
Billing address,Money,,,
Billion,Money,,,
Billion dollars,Money,,,
Billionaire,Money,,,
Card accepted,Money,,,
Cards accepted,Money,,,
Cash,Money,,,
Cash bonus,Money,,,
Cash out,Money,,,
Cash-out,Money,,,
Cashcashcash,Money,,,
Casino,Money,,,
Cents on the dollar,Money,,,
Check,Money,,,
Check or money order,Money,,,
Claim your discount,Money,,,
Cost,Money,,,
Costs,Money,,,
Credit,Money,,,
Credit bureaus,Money,,,
Credit card,Money,,,
Credit card offers,Money,,,
Credit or Debit,Money,,,
Deal,Money,,,
Debt,Money,,,
Discount,Money,,,
Dollars,Money,,,
Double your,Money,,,
Double your wealth,Money,,,
Earn,Money,,,
Earn $,Money,,,
Earn cash,Money,,,
Earn extra income,Money,,,
Earn from home,Money,,,
Earn monthly,Money,,,
Earn per month,Money,,,
Earn per week,Money,,,
Earn your degree,Money,,,
Easy income,Money,,,
Easy terms,Money,,,
F r e e,Money,,,
For free,Money,,,
For just $,Money,,,
For just $ (amount),Money,,,
For just $xxx,Money,,,
Get Money,Money,,,
Get your money,Money,,,
Hidden assets,Money,,,
Huge discount,Money,,,
Income,Money,,,
Income from home,Money,,,
Increase revenue,Money,,,
Increase sales,Money,,,
Increase traffic,Money,,,
Increase your chances,Money,,,
Initial investment,Money,,,
Instant earnings,Money,,,
Instant income,Money,,,
Insurance,Money,,,
Investment,Money,,,
Investment advice,Money,,,
Lifetime,Money,,,
Loans,Money,,,
Make $,Money,,,
Money,Money,,,
Money making,Money,,,
Money-back guarantee,Money,,,
Money-making,Money,,,
Monthly payment,Money,,,
Mortgage,Money,,,
Mortgage rates,Money,,,
Offer,Money,,,
One hundred percent free,Money,,,
Only $,Money,,,
Price,Money,,,
Price protection,Money,,,
Prices,Money,,,
Profits,Money,,,
Quote,Money,,,
Rates,Money,,,
Refinance,Money,,,
Save $,Money,,,
Serious cash,Money,,,
Subject to credit,Money,,,
US dollars,Money,,,
Why pay more?,Money,,,
Your income,Money,,,
Acceptance,Unnatural,,,
Accordingly,Unnatural,,,
Account-based marketing (ABM),Unnatural,,,
Accounts,Unnatural,,,
Addresses,Unnatural,,,
Addresses on CD,Unnatural,,,
Beverage,Unnatural,,,
Confidentiality on all orders,Unnatural,,,
Confidentially on all orders,Unnatural,,,
Content marketing,Unnatural,,,
Dear [email address],Unnatural,,,
Dear friend,Unnatural,,,
Dear somebody,Unnatural,,,
Dear [first name],Unnatural,,,
Digital marketing,Unnatural,,,
Dormant,Unnatural,,,
Email extractor,Unnatural,,,
Email harvest,Unnatural,,,
Email marketing,Unnatural,,,
Extract email,Unnatural,,,
Form,Unnatural,,,
Freedom,Unnatural,,,
Friend,Unnatural,,,
Here,Unnatural,,,
Hidden,Unnatural,,,
Home,Unnatural,,,
Home based,Unnatural,,,
Home employment,Unnatural,,,
Home-based,Unnatural,,,
Home-based business,Unnatural,,,
Homebased business,Unnatural,,,
If you no longer wish to receive,Unnatural,,,
Important information regarding,Unnatural,,,
In accordance with laws,Unnatural,,,
Increase your sales,Unnatural,,,
Internet market,Unnatural,,,
Leave,Unnatural,,,
Lose,Unnatural,,,
Maintained,Unnatural,,,
Marketing,Unnatural,,,
Marketing solution,Unnatural,,,
Marketing solutions,Unnatural,,,
Medium,Unnatural,,,
Message contains,Unnatural,,,
Multi level marketing,Unnatural,,,
Never,Unnatural,,,
One time mailing,Unnatural,,,
Online marketing,Unnatural,,,
Online pharmacy,Unnatural,,,
Opt in,Unnatural,,,
Per day,Unnatural,,,
Per week,Unnatural,,,
Pre-approved,Unnatural,,,
Problem,Unnatural,,,
Removal,Unnatural,,,
Remove,Unnatural,,,
Reserves the right,Unnatural,,,
Reverses,Unnatural,,,
Sample,Unnatural,,,
Satisfaction,Unnatural,,,
Score,Unnatural,,,
Search engine,Unnatural,,,
Search engine listings,Unnatural,,,
Search engines,Unnatural,,,
Sent in compliance,Unnatural,,,
Solution,Unnatural,,,
Stop,Unnatural,,,
Success,Unnatural,,,
Teen,Unnatural,,,
Terms and conditions,Unnatural,,,
Warranty,Unnatural,,,
Web traffic,Unnatural,,,
Wife,Unnatural,,,
Work at home,Unnatural,,,
Work from home,Unnatural,,,